Exercicio;Mes;Categoria;Origem;Fonte;Data;Valor
2026;6;Receitas Correntes;FPM;Recursos Proprios;04/06/2026;44.039,35
2026;1;Receitas Correntes;Alugueis;Recursos Proprios;06/01/2026;2.748,35
2026;10;Receitas Correntes;Multas;Transferencias Estado;09/10/2026;9.472,05
2026;9;Receitas Correntes;Alugueis;Transferencias Uniao;24/09/2026;43.584,89
2026;12;Receitas de Capital;IPTU;Recursos Proprios;16/12/2026;42.365,65
2026;8;Receitas de Capital;Taxas;Tesouro;06/08/2026;1.539,02
2026;8;Receitas Correntes;Alugueis;Transferencias Estado;09/08/2026;15.043,96
2026;7;Receitas Correntes;ISS;Recursos Proprios;07/07/2026;48.527,37
2026;3;Receitas Correntes;ISS;Recursos Proprios;17/03/2026;19.273,94
2026;8;Receitas Correntes;Multas;Tesouro;05/08/2026;24.616,33
2026;2;Receitas Correntes;Multas;Tesouro;21/02/2026;49.967,41
2026;5;Receitas Correntes;ICMS;Transferencias Uniao;28/05/2026;16.374,74
2026;8;Receitas Correntes;ICMS;Tesouro;27/08/2026;19.849,57
2026;10;Receitas Correntes;IPTU;Transferencias Estado;22/10/2026;40.451,38
2026;3;Receitas Correntes;Taxas;Transferencias Estado;18/03/2026;2.329,78
2026;12;Receitas Correntes;IPTU;Recursos Proprios;05/12/2026;7.906,75
2026;1;Receitas Correntes;ICMS;Recursos Proprios;16/01/2026;3.872,94
2026;1;Receitas Correntes;IPTU;Transferencias Estado;19/01/2026;34.077,59
2026;11;Receitas Correntes;ISS;Transferencias Uniao;06/11/2026;27.110,93
2026;1;Receitas Correntes;IPVA;Transferencias Estado;27/01/2026;11.210,04
2026;4;Receitas Correntes;ITBI;Transferencias Estado;27/04/2026;34.323,54
2026;10;Receitas Correntes;Alugueis;Transferencias Uniao;02/10/2026;41.493,25
2026;11;Receitas Correntes;Alugueis;Transferencias Estado;12/11/2026;26.635,85
2026;2;Receitas Correntes;ISS;Tesouro;16/02/2026;5.806,47
2026;1;Receitas Correntes;IPTU;Recursos Proprios;13/01/2026;32.166,13
2026;1;Receitas Correntes;IPTU;Tesouro;03/01/2026;38.877,14
2026;6;Receitas Correntes;ITBI;Tesouro;21/06/2026;10.446,84
2026;10;Receitas Correntes;Taxas;Transferencias Estado;19/10/2026;29.884,58
2026;7;Receitas Correntes;Alugueis;Transferencias Estado;15/07/2026;18.542,94
2026;2;Receitas Correntes;FPM;Tesouro;23/02/2026;33.614,90
2026;5;Receitas Correntes;Taxas;Transferencias Estado;04/05/2026;24.394,84
2026;12;Receitas Correntes;Taxas;Tesouro;15/12/2026;16.744,89
2026;11;Receitas Correntes;Alugueis;Recursos Proprios;11/11/2026;19.180,95
2026;12;Receitas de Capital;ISS;Transferencias Estado;11/12/2026;31.203,56
2026;3;Receitas Correntes;Taxas;Transferencias Estado;04/03/2026;29.406,13
2026;8;Receitas Correntes;FPM;Recursos Proprios;13/08/2026;5.681,89
2026;10;Receitas Correntes;IPTU;Recursos Proprios;22/10/2026;35.588,68
2026;4;Receitas Correntes;ITBI;Recursos Proprios;28/04/2026;33.810,90
2026;10;Receitas Correntes;Alugueis;Transferencias Estado;16/10/2026;19.915,66
2026;1;Receitas Correntes;ITBI;Tesouro;07/01/2026;22.761,09
2026;2;Receitas Correntes;Alugueis;Recursos Proprios;26/02/2026;5.703,41
2026;3;Receitas Correntes;FPM;Transferencias Estado;16/03/2026;17.149,22
2026;4;Receitas Correntes;IPTU;Transferencias Uniao;09/04/2026;33.087,80
2026;2;Receitas Correntes;Alugueis;Tesouro;02/02/2026;5.717,90
2026;9;Receitas Correntes;FPM;Recursos Proprios;11/09/2026;37.756,53
2026;9;Receitas Correntes;ISS;Recursos Proprios;11/09/2026;49.134,16
2026;11;Receitas Correntes;Taxas;Tesouro;18/11/2026;44.453,45
2026;8;Receitas Correntes;IPTU;Transferencias Estado;24/08/2026;29.890,26
2026;5;Receitas Correntes;Alugueis;Transferencias Estado;06/05/2026;43.287,17
2026;8;Receitas Correntes;Multas;Tesouro;20/08/2026;13.335,91
2026;5;Receitas Correntes;Multas;Recursos Proprios;03/05/2026;14.218,04
2026;4;Receitas Correntes;Multas;Transferencias Uniao;21/04/2026;31.630,14
2026;1;Receitas Correntes;ISS;Tesouro;17/01/2026;28.599,91
2026;5;Receitas Correntes;Multas;Transferencias Uniao;11/05/2026;38.068,21
2026;12;Receitas Correntes;IPTU;Transferencias Estado;12/12/2026;39.420,49
2026;12;Receitas de Capital;ICMS;Recursos Proprios;02/12/2026;14.382,07
2026;3;Receitas Correntes;ITBI;Recursos Proprios;15/03/2026;14.992,30
2026;11;Receitas Correntes;ICMS;Recursos Proprios;05/11/2026;18.559,07
2026;10;Receitas de Capital;ICMS;Recursos Proprios;28/10/2026;42.929,09
2026;10;Receitas Correntes;Alugueis;Transferencias Estado;09/10/2026;1.546,06
2026;12;Receitas Correntes;ISS;Transferencias Estado;17/12/2026;40.046,42
2026;7;Receitas Correntes;Taxas;Recursos Proprios;13/07/2026;11.805,75
2026;4;Receitas Correntes;ICMS;Transferencias Estado;07/04/2026;41.941,79
2026;6;Receitas Correntes;Taxas;Transferencias Uniao;11/06/2026;15.328,55
2026;7;Receitas Correntes;Multas;Transferencias Estado;11/07/2026;44.984,35
2026;10;Receitas Correntes;ICMS;Transferencias Estado;05/10/2026;20.418,93
2026;4;Receitas Correntes;FPM;Transferencias Estado;28/04/2026;37.852,46
2026;11;Receitas Correntes;Taxas;Transferencias Uniao;11/11/2026;27.049,89
2026;3;Receitas Correntes;ISS;Transferencias Estado;24/03/2026;26.933,38
2026;2;Receitas de Capital;IPTU;Transferencias Uniao;20/02/2026;42.900,32
2026;12;Receitas Correntes;IPVA;Recursos Proprios;13/12/2026;10.965,28
2026;3;Receitas Correntes;Taxas;Transferencias Uniao;28/03/2026;5.904,54
2026;7;Receitas Correntes;ISS;Tesouro;12/07/2026;4.447,21
2026;1;Receitas Correntes;IPTU;Tesouro;19/01/2026;18.860,84
2026;7;Receitas Correntes;Taxas;Transferencias Uniao;26/07/2026;26.922,32
2026;12;Receitas Correntes;Taxas;Recursos Proprios;16/12/2026;41.928,36
2026;11;Receitas Correntes;Multas;Recursos Proprios;09/11/2026;19.061,30
2026;2;Receitas Correntes;IPVA;Transferencias Estado;22/02/2026;22.576,83
2026;3;Receitas Correntes;Alugueis;Transferencias Uniao;08/03/2026;10.323,78
2026;12;Receitas Correntes;Taxas;Tesouro;17/12/2026;24.478,00
2026;8;Receitas Correntes;ICMS;Transferencias Estado;16/08/2026;9.732,08
2026;9;Receitas Correntes;ITBI;Transferencias Uniao;16/09/2026;40.759,58
2026;6;Receitas Correntes;IPVA;Transferencias Uniao;22/06/2026;31.778,53
2026;6;Receitas Correntes;Alugueis;Transferencias Uniao;21/06/2026;21.180,55
2026;4;Receitas Correntes;Taxas;Recursos Proprios;10/04/2026;35.071,73
2026;11;Receitas Correntes;Multas;Transferencias Estado;01/11/2026;41.721,95
2026;11;Receitas Correntes;Multas;Tesouro;02/11/2026;12.270,90
2026;12;Receitas Correntes;IPVA;Recursos Proprios;18/12/2026;29.986,86
2026;7;Receitas Correntes;Alugueis;Tesouro;16/07/2026;11.887,76
2026;1;Receitas Correntes;ITBI;Transferencias Estado;26/01/2026;38.924,57
2026;3;Receitas Correntes;Alugueis;Transferencias Uniao;19/03/2026;19.168,16
2026;5;Receitas de Capital;IPTU;Tesouro;22/05/2026;31.712,27
2026;3;Receitas Correntes;FPM;Tesouro;16/03/2026;9.366,91
2026;8;Receitas Correntes;FPM;Tesouro;27/08/2026;31.012,09
2026;12;Receitas Correntes;FPM;Recursos Proprios;28/12/2026;9.546,38
2026;10;Receitas Correntes;FPM;Recursos Proprios;01/10/2026;43.230,02
2026;8;Receitas Correntes;FPM;Transferencias Uniao;10/08/2026;25.220,38
2026;12;Receitas de Capital;IPVA;Transferencias Estado;24/12/2026;30.775,34
2026;4;Receitas de Capital;IPVA;Tesouro;03/04/2026;40.286,23
2026;5;Receitas Correntes;FPM;Recursos Proprios;09/05/2026;22.514,50
2026;1;Receitas Correntes;Taxas;Tesouro;12/01/2026;40.944,54
2026;3;Receitas Correntes;ISS;Transferencias Estado;09/03/2026;11.636,76
2026;3;Receitas Correntes;Multas;Recursos Proprios;19/03/2026;18.540,14
2026;2;Receitas Correntes;IPVA;Recursos Proprios;11/02/2026;29.407,79
2026;12;Receitas Correntes;Alugueis;Tesouro;07/12/2026;35.202,09
2026;12;Receitas Correntes;Taxas;Transferencias Estado;27/12/2026;1.411,43
2026;2;Receitas Correntes;IPTU;Recursos Proprios;23/02/2026;37.647,60
2026;7;Receitas Correntes;ITBI;Recursos Proprios;03/07/2026;39.729,33
2026;5;Receitas Correntes;IPTU;Recursos Proprios;24/05/2026;43.903,39
2026;4;Receitas Correntes;ISS;Recursos Proprios;01/04/2026;26.261,95
2026;3;Receitas Correntes;IPTU;Recursos Proprios;07/03/2026;40.702,63
2026;5;Receitas Correntes;FPM;Transferencias Uniao;16/05/2026;46.175,23
2026;12;Receitas de Capital;ICMS;Transferencias Estado;12/12/2026;39.864,25
2026;6;Receitas Correntes;ISS;Recursos Proprios;12/06/2026;26.893,00
2026;8;Receitas Correntes;Alugueis;Recursos Proprios;16/08/2026;19.496,40
2026;2;Receitas de Capital;IPVA;Transferencias Uniao;26/02/2026;23.632,92
2026;12;Receitas Correntes;Taxas;Transferencias Estado;27/12/2026;27.010,03
2026;8;Receitas Correntes;Multas;Transferencias Estado;01/08/2026;3.308,05
2026;1;Receitas de Capital;IPVA;Transferencias Uniao;10/01/2026;16.931,85
2026;8;Receitas Correntes;ISS;Tesouro;28/08/2026;1.258,05
2026;2;Receitas Correntes;IPTU;Recursos Proprios;11/02/2026;37.668,60
2026;12;Receitas Correntes;FPM;Transferencias Uniao;27/12/2026;1.424,81
2026;4;Receitas Correntes;ITBI;Transferencias Uniao;21/04/2026;40.660,69
2026;6;Receitas Correntes;Multas;Recursos Proprios;05/06/2026;2.270,01
2026;4;Receitas Correntes;Alugueis;Recursos Proprios;22/04/2026;18.059,60
2026;3;Receitas Correntes;ITBI;Tesouro;15/03/2026;34.920,51
2026;8;Receitas Correntes;IPVA;Recursos Proprios;16/08/2026;18.346,54
2026;4;Receitas Correntes;ISS;Tesouro;21/04/2026;8.447,26
2026;4;Receitas Correntes;Taxas;Transferencias Uniao;04/04/2026;36.002,89
2026;1;Receitas Correntes;ISS;Transferencias Uniao;04/01/2026;30.540,69
2026;3;Receitas Correntes;FPM;Tesouro;05/03/2026;42.309,62
2026;7;Receitas Correntes;ITBI;Transferencias Uniao;06/07/2026;33.807,80
2026;2;Receitas Correntes;ITBI;Tesouro;04/02/2026;32.532,36
2026;11;Receitas Correntes;Alugueis;Tesouro;05/11/2026;38.444,32
2026;2;Receitas Correntes;Taxas;Tesouro;23/02/2026;38.754,15
2026;3;Receitas Correntes;ICMS;Transferencias Uniao;17/03/2026;47.743,60
2026;11;Receitas Correntes;Multas;Transferencias Uniao;24/11/2026;38.859,20
2026;10;Receitas Correntes;ITBI;Recursos Proprios;10/10/2026;40.948,00
2026;1;Receitas Correntes;FPM;Recursos Proprios;20/01/2026;3.636,83
2026;11;Receitas Correntes;FPM;Transferencias Uniao;07/11/2026;24.445,51
2026;6;Receitas Correntes;Alugueis;Tesouro;25/06/2026;40.462,13
2026;4;Receitas Correntes;ISS;Transferencias Estado;26/04/2026;11.919,27
2026;7;Receitas Correntes;Alugueis;Recursos Proprios;19/07/2026;31.813,45
2026;7;Receitas Correntes;ISS;Recursos Proprios;06/07/2026;38.773,08
2026;2;Receitas Correntes;Multas;Tesouro;24/02/2026;3.700,36
2026;12;Receitas Correntes;IPVA;Recursos Proprios;18/12/2026;25.459,90
2026;5;Receitas Correntes;Alugueis;Recursos Proprios;20/05/2026;22.464,32
2026;2;Receitas Correntes;ICMS;Transferencias Uniao;12/02/2026;43.204,22
2026;12;Receitas Correntes;Taxas;Transferencias Estado;25/12/2026;30.294,70
2026;3;Receitas Correntes;ITBI;Recursos Proprios;07/03/2026;49.449,63
2026;9;Receitas de Capital;ISS;Transferencias Uniao;24/09/2026;47.294,09
2026;3;Receitas Correntes;ICMS;Tesouro;10/03/2026;25.742,19
2026;9;Receitas de Capital;ITBI;Recursos Proprios;09/09/2026;23.426,64
2026;8;Receitas Correntes;FPM;Recursos Proprios;17/08/2026;42.624,94
2026;5;Receitas Correntes;Alugueis;Tesouro;13/05/2026;48.454,81
2026;1;Receitas Correntes;IPVA;Transferencias Uniao;10/01/2026;15.169,30
2026;4;Receitas de Capital;ICMS;Recursos Proprios;18/04/2026;5.684,67
2026;2;Receitas Correntes;Taxas;Transferencias Estado;14/02/2026;43.826,72
2026;7;Receitas Correntes;Multas;Transferencias Estado;06/07/2026;4.067,80
2026;10;Receitas de Capital;Multas;Transferencias Estado;07/10/2026;27.570,22
2026;9;Receitas Correntes;Taxas;Transferencias Uniao;11/09/2026;41.242,10
2026;5;Receitas Correntes;Taxas;Tesouro;04/05/2026;32.296,18
2026;11;Receitas Correntes;Multas;Recursos Proprios;17/11/2026;2.166,90
2026;10;Receitas Correntes;IPTU;Recursos Proprios;12/10/2026;47.086,55
2026;3;Receitas Correntes;ICMS;Transferencias Estado;14/03/2026;23.695,87
2026;12;Receitas Correntes;IPVA;Recursos Proprios;12/12/2026;1.074,38
2026;4;Receitas de Capital;Multas;Tesouro;20/04/2026;48.941,98
2026;7;Receitas Correntes;Multas;Transferencias Uniao;10/07/2026;39.906,44
2026;7;Receitas Correntes;IPTU;Recursos Proprios;21/07/2026;33.905,65
2026;7;Receitas Correntes;Multas;Transferencias Uniao;05/07/2026;48.680,93
2026;2;Receitas Correntes;IPVA;Recursos Proprios;07/02/2026;3.753,24
2026;6;Receitas de Capital;ISS;Recursos Proprios;15/06/2026;16.310,74
2026;8;Receitas Correntes;FPM;Transferencias Uniao;08/08/2026;1.832,09
2026;9;Receitas Correntes;ITBI;Recursos Proprios;28/09/2026;4.286,82
2026;8;Receitas Correntes;ICMS;Recursos Proprios;19/08/2026;1.086,19
2026;3;Receitas Correntes;ISS;Recursos Proprios;23/03/2026;49.427,43
2026;9;Receitas Correntes;IPTU;Transferencias Uniao;11/09/2026;11.812,11
2026;5;Receitas Correntes;Multas;Tesouro;03/05/2026;11.594,04
2026;6;Receitas Correntes;IPTU;Recursos Proprios;21/06/2026;38.247,93
2026;5;Receitas Correntes;IPVA;Transferencias Estado;08/05/2026;12.745,48
2026;9;Receitas Correntes;IPTU;Recursos Proprios;11/09/2026;29.863,32
2026;1;Receitas Correntes;FPM;Transferencias Estado;20/01/2026;33.898,51
2026;9;Receitas Correntes;Alugueis;Transferencias Uniao;01/09/2026;38.375,58
2026;2;Receitas Correntes;IPTU;Transferencias Estado;17/02/2026;45.749,79
2026;10;Receitas de Capital;ISS;Transferencias Estado;19/10/2026;49.217,48
2026;12;Receitas Correntes;Alugueis;Recursos Proprios;23/12/2026;40.638,56
2026;11;Receitas Correntes;ITBI;Transferencias Uniao;10/11/2026;38.895,32
2026;8;Receitas Correntes;ITBI;Tesouro;11/08/2026;33.269,89
2026;5;Receitas Correntes;IPTU;Tesouro;04/05/2026;44.392,71
2026;11;Receitas Correntes;ITBI;Recursos Proprios;20/11/2026;10.050,52
2026;10;Receitas Correntes;ISS;Transferencias Uniao;16/10/2026;13.587,46
2026;1;Receitas Correntes;IPTU;Recursos Proprios;26/01/2026;6.117,77
2026;3;Receitas Correntes;IPVA;Transferencias Uniao;19/03/2026;30.900,24
2026;10;Receitas Correntes;ICMS;Transferencias Estado;15/10/2026;42.618,96
2026;12;Receitas Correntes;ISS;Tesouro;20/12/2026;33.593,89
2026;6;Receitas de Capital;Alugueis;Transferencias Uniao;16/06/2026;21.796,00
2026;7;Receitas Correntes;IPTU;Transferencias Uniao;20/07/2026;12.235,95
2026;4;Receitas Correntes;Multas;Transferencias Uniao;18/04/2026;43.256,37
2026;4;Receitas Correntes;IPTU;Tesouro;08/04/2026;48.970,85
2026;5;Receitas Correntes;IPTU;Recursos Proprios;15/05/2026;32.771,82
2026;5;Receitas Correntes;ITBI;Recursos Proprios;28/05/2026;33.382,04
2026;4;Receitas Correntes;ICMS;Recursos Proprios;13/04/2026;14.679,20
2026;2;Receitas Correntes;ITBI;Tesouro;05/02/2026;38.710,17
2026;5;Receitas de Capital;ICMS;Tesouro;10/05/2026;44.554,67
2026;10;Receitas Correntes;ICMS;Recursos Proprios;12/10/2026;36.658,75
2026;9;Receitas Correntes;IPTU;Transferencias Estado;26/09/2026;9.139,46
2026;3;Receitas Correntes;Alugueis;Transferencias Estado;12/03/2026;20.464,25
2026;9;Receitas Correntes;FPM;Transferencias Uniao;16/09/2026;17.514,49
2026;8;Receitas Correntes;Multas;Recursos Proprios;14/08/2026;1.440,79
2026;4;Receitas Correntes;ISS;Tesouro;19/04/2026;30.201,33
2026;7;Receitas Correntes;ISS;Transferencias Estado;03/07/2026;14.580,89
2026;10;Receitas Correntes;ISS;Recursos Proprios;26/10/2026;16.371,55
2026;7;Receitas Correntes;IPVA;Tesouro;15/07/2026;34.808,67
2026;8;Receitas Correntes;Alugueis;Recursos Proprios;04/08/2026;27.762,29
2026;4;Receitas Correntes;Multas;Tesouro;15/04/2026;29.781,84
2026;7;Receitas Correntes;IPVA;Transferencias Uniao;17/07/2026;10.669,76
2026;4;Receitas Correntes;FPM;Transferencias Estado;12/04/2026;49.287,14
2026;4;Receitas Correntes;ISS;Tesouro;18/04/2026;15.403,37
2026;1;Receitas Correntes;FPM;Recursos Proprios;06/01/2026;22.491,09
2026;5;Receitas Correntes;IPTU;Recursos Proprios;08/05/2026;33.613,03
2026;8;Receitas Correntes;FPM;Transferencias Uniao;05/08/2026;13.442,60
2026;3;Receitas Correntes;Taxas;Transferencias Estado;16/03/2026;22.268,46
2026;12;Receitas Correntes;IPTU;Transferencias Estado;16/12/2026;19.510,36
2026;9;Receitas Correntes;Alugueis;Transferencias Uniao;15/09/2026;31.073,43
2026;6;Receitas Correntes;Multas;Tesouro;04/06/2026;16.076,97
2026;7;Receitas Correntes;ISS;Transferencias Uniao;04/07/2026;30.987,10
2026;9;Receitas Correntes;Multas;Tesouro;04/09/2026;10.266,27
2026;8;Receitas Correntes;Alugueis;Transferencias Estado;08/08/2026;43.188,03
2026;7;Receitas Correntes;IPVA;Recursos Proprios;18/07/2026;16.274,91
2026;5;Receitas Correntes;FPM;Recursos Proprios;15/05/2026;42.509,44
2026;9;Receitas Correntes;IPVA;Transferencias Uniao;26/09/2026;104,25
2026;5;Receitas Correntes;FPM;Transferencias Estado;12/05/2026;37.494,92
2026;2;Receitas Correntes;Multas;Transferencias Uniao;27/02/2026;41.922,75
2026;12;Receitas de Capital;FPM;Tesouro;05/12/2026;16.093,79
2026;10;Receitas Correntes;ICMS;Transferencias Estado;18/10/2026;34.337,02
2026;11;Receitas Correntes;IPTU;Transferencias Estado;19/11/2026;15.528,66
2026;6;Receitas Correntes;FPM;Transferencias Estado;09/06/2026;13.733,42
2026;5;Receitas Correntes;ISS;Tesouro;04/05/2026;43.031,61
2026;1;Receitas Correntes;Alugueis;Tesouro;07/01/2026;4.230,78
2026;8;Receitas Correntes;ITBI;Transferencias Uniao;07/08/2026;1.530,94
2026;7;Receitas Correntes;IPTU;Transferencias Uniao;13/07/2026;9.257,57
2026;12;Receitas Correntes;IPVA;Recursos Proprios;04/12/2026;3.245,89
2026;10;Receitas Correntes;ICMS;Recursos Proprios;10/10/2026;35.721,45
2026;6;Receitas Correntes;ITBI;Recursos Proprios;14/06/2026;2.120,81
2026;3;Receitas Correntes;IPTU;Transferencias Uniao;14/03/2026;42.463,48
2026;11;Receitas de Capital;Taxas;Transferencias Uniao;11/11/2026;36.670,58
2026;4;Receitas Correntes;IPTU;Tesouro;02/04/2026;5.604,09
2026;6;Receitas Correntes;FPM;Recursos Proprios;17/06/2026;19.778,54
2026;4;Receitas Correntes;Taxas;Transferencias Uniao;18/04/2026;38.769,08
2026;2;Receitas de Capital;ICMS;Recursos Proprios;23/02/2026;47.700,23
2026;4;Receitas Correntes;IPVA;Transferencias Estado;04/04/2026;21.022,44
2026;12;Receitas Correntes;Taxas;Tesouro;18/12/2026;50.085,61
2026;3;Receitas Correntes;IPTU;Tesouro;12/03/2026;6.917,66
2026;7;Receitas Correntes;Alugueis;Recursos Proprios;19/07/2026;7.304,62
2026;5;Receitas Correntes;ISS;Transferencias Estado;03/05/2026;8.289,07
2026;3;Receitas Correntes;Multas;Recursos Proprios;21/03/2026;6.090,20
2026;11;Receitas Correntes;ITBI;Transferencias Uniao;25/11/2026;34.889,06
2026;3;Receitas Correntes;Taxas;Tesouro;09/03/2026;35.691,20
2026;6;Receitas Correntes;Alugueis;Transferencias Estado;22/06/2026;14.238,10
2026;8;Receitas Correntes;Multas;Transferencias Uniao;07/08/2026;25.147,42
2026;4;Receitas de Capital;FPM;Transferencias Estado;26/04/2026;11.951,12
2026;4;Receitas Correntes;IPTU;Recursos Proprios;19/04/2026;34.318,31
2026;3;Receitas Correntes;FPM;Transferencias Uniao;11/03/2026;30.630,59
2026;11;Receitas Correntes;IPVA;Recursos Proprios;27/11/2026;32.100,85
2026;12;Receitas Correntes;IPVA;Tesouro;05/12/2026;4.619,65
2026;7;Receitas de Capital;IPTU;Recursos Proprios;06/07/2026;35.560,37
2026;7;Receitas Correntes;IPTU;Recursos Proprios;19/07/2026;20.484,83
2026;11;Receitas Correntes;Taxas;Tesouro;10/11/2026;20.690,21
2026;8;Receitas Correntes;Multas;Tesouro;14/08/2026;45.118,76
2026;6;Receitas Correntes;FPM;Transferencias Uniao;02/06/2026;1.475,55
2026;5;Receitas Correntes;Taxas;Transferencias Uniao;04/05/2026;31.250,58
2026;1;Receitas de Capital;ITBI;Tesouro;18/01/2026;41.947,85
2026;12;Receitas Correntes;Alugueis;Tesouro;06/12/2026;45.705,99
2026;7;Receitas Correntes;IPVA;Transferencias Uniao;16/07/2026;44.035,03
2026;2;Receitas Correntes;ISS;Recursos Proprios;19/02/2026;13.147,11
2026;12;Receitas Correntes;Alugueis;Transferencias Uniao;23/12/2026;27.548,16
2026;8;Receitas Correntes;ICMS;Tesouro;15/08/2026;11.508,63
2026;1;Receitas Correntes;Taxas;Recursos Proprios;07/01/2026;40.200,84
2026;8;Receitas Correntes;ICMS;Recursos Proprios;08/08/2026;1.050,62
2026;1;Receitas Correntes;ICMS;Tesouro;13/01/2026;21.050,21
2026;3;Receitas de Capital;Alugueis;Transferencias Uniao;01/03/2026;1.279,95
2026;8;Receitas Correntes;IPVA;Tesouro;22/08/2026;42.042,12
2026;9;Receitas Correntes;ITBI;Recursos Proprios;18/09/2026;38.534,38
2026;2;Receitas Correntes;IPTU;Transferencias Uniao;28/02/2026;29.265,19
2026;1;Receitas Correntes;Multas;Tesouro;13/01/2026;29.064,34
2026;12;Receitas Correntes;FPM;Tesouro;05/12/2026;14.657,14
2026;7;Receitas Correntes;Taxas;Tesouro;21/07/2026;8.387,59
2026;9;Receitas Correntes;FPM;Transferencias Uniao;12/09/2026;28.537,55
2026;3;Receitas Correntes;Multas;Tesouro;20/03/2026;30.710,73
2026;5;Receitas Correntes;ICMS;Recursos Proprios;19/05/2026;44.037,10
2026;1;Receitas Correntes;Alugueis;Recursos Proprios;09/01/2026;35.886,22
2026;8;Receitas Correntes;FPM;Tesouro;28/08/2026;13.206,70
2026;1;Receitas Correntes;Multas;Transferencias Estado;21/01/2026;21.612,50
2026;6;Receitas Correntes;IPTU;Tesouro;20/06/2026;33.995,84
2026;12;Receitas Correntes;ICMS;Transferencias Uniao;06/12/2026;40.301,58
2026;7;Receitas de Capital;Multas;Transferencias Uniao;12/07/2026;41.752,05
2026;3;Receitas Correntes;Alugueis;Recursos Proprios;01/03/2026;46.231,70
2026;12;Receitas de Capital;Taxas;Tesouro;06/12/2026;12.898,41
2026;7;Receitas Correntes;Alugueis;Tesouro;24/07/2026;30.326,92
2026;1;Receitas Correntes;ISS;Recursos Proprios;18/01/2026;20.235,38
2026;10;Receitas Correntes;ITBI;Transferencias Uniao;20/10/2026;5.338,32
2026;6;Receitas Correntes;ISS;Recursos Proprios;06/06/2026;25.596,07
2026;10;Receitas Correntes;FPM;Recursos Proprios;20/10/2026;29.521,86
2026;3;Receitas Correntes;Multas;Tesouro;21/03/2026;41.967,67
2026;5;Receitas Correntes;Alugueis;Recursos Proprios;19/05/2026;9.922,19
2026;7;Receitas Correntes;IPVA;Transferencias Uniao;19/07/2026;29.345,80
2026;2;Receitas Correntes;Alugueis;Transferencias Uniao;26/02/2026;44.905,72
2026;2;Receitas Correntes;Multas;Transferencias Uniao;17/02/2026;6.860,40
2026;6;Receitas Correntes;Multas;Recursos Proprios;01/06/2026;27.430,68
2026;1;Receitas Correntes;Multas;Transferencias Estado;20/01/2026;17.236,67
2026;7;Receitas Correntes;ITBI;Transferencias Uniao;10/07/2026;38.765,53
2026;10;Receitas Correntes;Multas;Tesouro;21/10/2026;17.602,27
2026;6;Receitas Correntes;FPM;Transferencias Estado;19/06/2026;26.981,35
2026;2;Receitas Correntes;Multas;Recursos Proprios;11/02/2026;35.993,35
2026;4;Receitas de Capital;Multas;Transferencias Estado;12/04/2026;543,04
2026;2;Receitas Correntes;ICMS;Transferencias Uniao;06/02/2026;45.096,77
2026;6;Receitas Correntes;Taxas;Recursos Proprios;03/06/2026;10.582,34
2026;12;Receitas Correntes;FPM;Transferencias Uniao;21/12/2026;24.306,58
2026;10;Receitas Correntes;IPVA;Transferencias Estado;26/10/2026;9.173,75
2026;4;Receitas Correntes;Taxas;Recursos Proprios;11/04/2026;44.248,36
2026;12;Receitas Correntes;Multas;Transferencias Estado;01/12/2026;31.591,80
2026;11;Receitas Correntes;IPTU;Transferencias Uniao;16/11/2026;30.067,61
2026;4;Receitas Correntes;Multas;Recursos Proprios;26/04/2026;46.634,56
2026;6;Receitas Correntes;ICMS;Transferencias Estado;19/06/2026;25.703,92
2026;2;Receitas Correntes;ISS;Recursos Proprios;12/02/2026;10.157,08
2026;1;Receitas Correntes;ISS;Tesouro;01/01/2026;41.544,79
2026;2;Receitas Correntes;Multas;Transferencias Uniao;06/02/2026;4.048,73
2026;4;Receitas Correntes;IPTU;Recursos Proprios;03/04/2026;34.061,39
2026;11;Receitas Correntes;Multas;Transferencias Uniao;16/11/2026;30.728,80
2026;7;Receitas Correntes;Multas;Transferencias Estado;22/07/2026;48.635,35
2026;3;Receitas Correntes;Multas;Recursos Proprios;06/03/2026;9.191,43
2026;9;Receitas de Capital;ITBI;Transferencias Uniao;23/09/2026;24.280,45
2026;4;Receitas Correntes;IPVA;Recursos Proprios;15/04/2026;39.621,74
2026;10;Receitas de Capital;Alugueis;Tesouro;15/10/2026;31.900,07
2026;9;Receitas Correntes;ISS;Transferencias Estado;23/09/2026;42.436,71
2026;8;Receitas Correntes;Multas;Transferencias Uniao;23/08/2026;13.406,84
2026;2;Receitas Correntes;IPTU;Transferencias Estado;04/02/2026;37.457,93
2026;10;Receitas Correntes;Alugueis;Transferencias Uniao;15/10/2026;28.295,59
2026;5;Receitas Correntes;Taxas;Recursos Proprios;20/05/2026;449,42
2026;11;Receitas Correntes;ISS;Transferencias Uniao;05/11/2026;10.475,84
2026;11;Receitas Correntes;ITBI;Recursos Proprios;07/11/2026;15.204,39
2026;12;Receitas Correntes;ISS;Transferencias Estado;15/12/2026;7.045,92
2026;4;Receitas Correntes;FPM;Tesouro;02/04/2026;35.414,64
2026;9;Receitas Correntes;Multas;Tesouro;05/09/2026;396,82
2026;12;Receitas Correntes;ICMS;Transferencias Estado;27/12/2026;3.415,42
2026;7;Receitas Correntes;ISS;Transferencias Estado;07/07/2026;27.216,17
2026;5;Receitas Correntes;FPM;Tesouro;08/05/2026;32.588,19
2026;1;Receitas Correntes;IPVA;Recursos Proprios;15/01/2026;406,24
2026;7;Receitas Correntes;Alugueis;Transferencias Uniao;05/07/2026;29.220,08
2026;2;Receitas Correntes;Alugueis;Transferencias Estado;06/02/2026;16.213,96
2026;6;Receitas Correntes;Multas;Transferencias Estado;18/06/2026;46.909,05
2026;11;Receitas de Capital;ISS;Transferencias Uniao;09/11/2026;48.577,50
2026;6;Receitas Correntes;ISS;Transferencias Estado;04/06/2026;39.393,60
2026;7;Receitas Correntes;Taxas;Recursos Proprios;03/07/2026;33.857,76
2026;7;Receitas Correntes;IPTU;Transferencias Estado;04/07/2026;47.041,64
2026;10;Receitas Correntes;FPM;Recursos Proprios;02/10/2026;7.218,27
2026;7;Receitas Correntes;ITBI;Recursos Proprios;06/07/2026;32.939,61
2026;10;Receitas Correntes;Multas;Transferencias Uniao;24/10/2026;18.861,97
2026;5;Receitas Correntes;ITBI;Tesouro;05/05/2026;13.793,44
2026;1;Receitas Correntes;ISS;Transferencias Estado;09/01/2026;8.250,51
2026;9;Receitas de Capital;IPTU;Transferencias Uniao;03/09/2026;5.839,01
2026;3;Receitas Correntes;ISS;Transferencias Uniao;13/03/2026;34.776,05
2026;11;Receitas Correntes;ISS;Recursos Proprios;13/11/2026;33.982,43
2026;3;Receitas de Capital;Alugueis;Transferencias Estado;04/03/2026;19.960,87
2026;8;Receitas Correntes;IPTU;Transferencias Uniao;02/08/2026;24.172,78
2026;8;Receitas Correntes;ICMS;Transferencias Uniao;12/08/2026;11.918,88
2026;7;Receitas Correntes;Taxas;Tesouro;18/07/2026;4.747,54
2026;10;Receitas Correntes;IPTU;Transferencias Uniao;17/10/2026;12.998,76
2026;6;Receitas Correntes;Multas;Transferencias Uniao;23/06/2026;19.269,44
2026;5;Receitas Correntes;ISS;Transferencias Uniao;01/05/2026;45.019,03
2026;2;Receitas Correntes;ICMS;Recursos Proprios;28/02/2026;16.416,70
2026;7;Receitas Correntes;ISS;Transferencias Estado;13/07/2026;21.053,26
2026;1;Receitas de Capital;Alugueis;Tesouro;08/01/2026;6.655,69
2026;2;Receitas Correntes;ICMS;Transferencias Estado;05/02/2026;11.141,40
2026;3;Receitas de Capital;Alugueis;Tesouro;28/03/2026;27.296,15
2026;11;Receitas Correntes;IPTU;Recursos Proprios;23/11/2026;30.846,34
2026;4;Receitas Correntes;Taxas;Transferencias Uniao;15/04/2026;17.662,94
2026;3;Receitas Correntes;Taxas;Transferencias Uniao;02/03/2026;6.529,13
2026;5;Receitas Correntes;ICMS;Transferencias Estado;15/05/2026;33.603,34
2026;3;Receitas Correntes;Taxas;Transferencias Uniao;24/03/2026;33.133,18
2026;12;Receitas Correntes;FPM;Transferencias Uniao;19/12/2026;44.663,82
2026;8;Receitas Correntes;ITBI;Transferencias Estado;16/08/2026;4.407,99
2026;11;Receitas de Capital;FPM;Recursos Proprios;09/11/2026;37.822,77
2026;5;Receitas Correntes;ICMS;Recursos Proprios;14/05/2026;31.884,54
2026;6;Receitas Correntes;IPTU;Transferencias Uniao;22/06/2026;26.079,00
2026;5;Receitas Correntes;Multas;Recursos Proprios;28/05/2026;7.540,57
2026;11;Receitas de Capital;ICMS;Transferencias Estado;19/11/2026;44.201,49
2026;9;Receitas Correntes;Multas;Transferencias Uniao;03/09/2026;45.524,59
2026;9;Receitas Correntes;IPVA;Recursos Proprios;13/09/2026;38.522,88
2026;7;Receitas Correntes;FPM;Tesouro;24/07/2026;23.449,94
2026;10;Receitas Correntes;ITBI;Tesouro;14/10/2026;18.586,38
2026;4;Receitas Correntes;Taxas;Transferencias Estado;28/04/2026;33.437,45
2026;2;Receitas Correntes;ISS;Transferencias Uniao;10/02/2026;49.824,17
2026;4;Receitas Correntes;Alugueis;Tesouro;21/04/2026;47.029,90
2026;7;Receitas Correntes;Multas;Transferencias Uniao;02/07/2026;33.450,92
2026;1;Receitas Correntes;ITBI;Transferencias Uniao;07/01/2026;30.628,25
2026;6;Receitas Correntes;ISS;Tesouro;11/06/2026;29.641,80
2026;4;Receitas Correntes;IPVA;Recursos Proprios;25/04/2026;45.013,52
2026;7;Receitas Correntes;IPVA;Transferencias Estado;19/07/2026;14.242,48
2026;9;Receitas Correntes;IPTU;Recursos Proprios;23/09/2026;37.289,43
2026;9;Receitas Correntes;Multas;Transferencias Estado;05/09/2026;46.513,47
2026;5;Receitas Correntes;Alugueis;Transferencias Estado;01/05/2026;9.980,35
2026;4;Receitas Correntes;ITBI;Transferencias Uniao;23/04/2026;30.641,82
2026;8;Receitas Correntes;ISS;Tesouro;03/08/2026;5.076,51
2026;7;Receitas Correntes;ISS;Transferencias Estado;28/07/2026;22.036,05
2026;5;Receitas Correntes;Multas;Tesouro;05/05/2026;9.330,51
2026;11;Receitas Correntes;Multas;Recursos Proprios;19/11/2026;36.201,60
2026;1;Receitas Correntes;Taxas;Recursos Proprios;20/01/2026;47.711,57
2026;9;Receitas Correntes;Multas;Tesouro;21/09/2026;26.255,66
2026;10;Receitas Correntes;FPM;Tesouro;22/10/2026;8.844,52
2026;6;Receitas Correntes;Alugueis;Transferencias Uniao;03/06/2026;15.224,74
2026;11;Receitas de Capital;IPTU;Recursos Proprios;16/11/2026;42.999,94
2026;7;Receitas Correntes;ICMS;Recursos Proprios;25/07/2026;45.153,15
2026;5;Receitas Correntes;ISS;Transferencias Estado;02/05/2026;25.965,55
2026;5;Receitas de Capital;IPVA;Transferencias Estado;05/05/2026;20.346,20
2026;3;Receitas Correntes;IPVA;Recursos Proprios;18/03/2026;39.184,18
2026;12;Receitas Correntes;FPM;Tesouro;21/12/2026;24.019,95
2026;7;Receitas Correntes;ICMS;Recursos Proprios;28/07/2026;7.845,38
2026;2;Receitas Correntes;Taxas;Transferencias Estado;07/02/2026;10.370,26
2026;8;Receitas Correntes;Multas;Transferencias Uniao;24/08/2026;48.031,05
2026;9;Receitas de Capital;IPTU;Recursos Proprios;11/09/2026;20.724,01
2026;11;Receitas de Capital;ICMS;Transferencias Uniao;02/11/2026;33.419,32
2026;2;Receitas Correntes;ITBI;Transferencias Estado;06/02/2026;29.606,53
2026;9;Receitas Correntes;ITBI;Recursos Proprios;21/09/2026;46.044,14
2026;12;Receitas Correntes;ISS;Recursos Proprios;16/12/2026;49.373,17
2026;7;Receitas Correntes;IPTU;Transferencias Uniao;25/07/2026;8.285,11
2026;1;Receitas Correntes;ICMS;Recursos Proprios;12/01/2026;6.282,72
2026;9;Receitas Correntes;ISS;Recursos Proprios;19/09/2026;38.249,52
2026;6;Receitas de Capital;IPTU;Recursos Proprios;18/06/2026;13.331,54
2026;6;Receitas de Capital;FPM;Tesouro;14/06/2026;3.406,60
2026;10;Receitas Correntes;ICMS;Recursos Proprios;11/10/2026;10.471,81
2026;2;Receitas Correntes;ICMS;Recursos Proprios;25/02/2026;15.881,87
2026;2;Receitas Correntes;ITBI;Transferencias Estado;21/02/2026;10.202,88
2026;4;Receitas Correntes;Taxas;Recursos Proprios;02/04/2026;13.872,87
2026;7;Receitas Correntes;IPVA;Recursos Proprios;12/07/2026;28.522,52
2026;9;Receitas Correntes;Taxas;Recursos Proprios;08/09/2026;30.053,13
2026;1;Receitas Correntes;ISS;Transferencias Estado;09/01/2026;15.699,99
2026;5;Receitas Correntes;ICMS;Transferencias Estado;25/05/2026;18.374,73
2026;5;Receitas Correntes;ISS;Transferencias Uniao;18/05/2026;21.123,01
2026;12;Receitas Correntes;Alugueis;Transferencias Estado;07/12/2026;44.578,92
2026;2;Receitas Correntes;Multas;Recursos Proprios;03/02/2026;40.882,33
2026;1;Receitas Correntes;Multas;Tesouro;25/01/2026;34.402,12
2026;8;Receitas Correntes;Multas;Recursos Proprios;14/08/2026;11.397,89
2026;2;Receitas Correntes;Alugueis;Tesouro;18/02/2026;6.527,70
2026;7;Receitas Correntes;ICMS;Transferencias Estado;17/07/2026;13.644,66
2026;2;Receitas Correntes;FPM;Recursos Proprios;14/02/2026;4.482,56
2026;5;Receitas Correntes;ITBI;Transferencias Uniao;25/05/2026;32.981,42
2026;4;Receitas Correntes;Alugueis;Transferencias Estado;11/04/2026;14.792,92
2026;12;Receitas Correntes;Multas;Transferencias Estado;18/12/2026;26.637,17
2026;9;Receitas Correntes;Alugueis;Transferencias Uniao;19/09/2026;5.332,51
2026;2;Receitas Correntes;Multas;Tesouro;03/02/2026;33.954,11
2026;2;Receitas Correntes;FPM;Tesouro;06/02/2026;1.344,11
2026;5;Receitas Correntes;ICMS;Recursos Proprios;10/05/2026;17.118,86
2026;2;Receitas Correntes;ICMS;Transferencias Estado;08/02/2026;22.976,33
2026;1;Receitas Correntes;Multas;Recursos Proprios;23/01/2026;22.010,95
2026;5;Receitas Correntes;Multas;Transferencias Uniao;28/05/2026;32.954,56
2026;10;Receitas Correntes;FPM;Transferencias Estado;14/10/2026;49.495,47
2026;9;Receitas Correntes;Alugueis;Transferencias Uniao;19/09/2026;39.228,15
2026;5;Receitas Correntes;ITBI;Tesouro;12/05/2026;11.353,68
2026;3;Receitas Correntes;IPTU;Tesouro;23/03/2026;33.620,45
2026;3;Receitas Correntes;Multas;Tesouro;17/03/2026;40.154,18
2026;6;Receitas Correntes;IPVA;Transferencias Estado;03/06/2026;22.121,12
2026;2;Receitas Correntes;IPVA;Transferencias Uniao;19/02/2026;1.008,30
2026;1;Receitas Correntes;IPTU;Recursos Proprios;27/01/2026;20.712,69
2026;7;Receitas Correntes;IPTU;Recursos Proprios;22/07/2026;19.742,35
2026;9;Receitas Correntes;IPVA;Transferencias Estado;13/09/2026;5.535,93
2026;10;Receitas Correntes;FPM;Recursos Proprios;11/10/2026;25.374,37
2026;6;Receitas Correntes;FPM;Transferencias Uniao;06/06/2026;32.256,15
2026;9;Receitas Correntes;IPTU;Transferencias Uniao;10/09/2026;12.968,39
2026;1;Receitas Correntes;Alugueis;Transferencias Estado;02/01/2026;29.857,18
2026;4;Receitas Correntes;ICMS;Tesouro;06/04/2026;47.124,82
2026;6;Receitas Correntes;Multas;Tesouro;10/06/2026;25.508,16
2026;9;Receitas Correntes;IPTU;Recursos Proprios;01/09/2026;35.853,89
2026;1;Receitas Correntes;FPM;Recursos Proprios;11/01/2026;16.130,74
2026;4;Receitas Correntes;ICMS;Tesouro;22/04/2026;19.606,40
2026;6;Receitas Correntes;Multas;Transferencias Uniao;18/06/2026;13.365,92
2026;11;Receitas Correntes;IPTU;Tesouro;23/11/2026;31.315,18
2026;5;Receitas Correntes;IPVA;Transferencias Estado;20/05/2026;26.321,12
2026;6;Receitas Correntes;IPTU;Transferencias Estado;13/06/2026;42.404,21
2026;7;Receitas Correntes;IPVA;Recursos Proprios;21/07/2026;18.797,44
2026;5;Receitas Correntes;IPTU;Tesouro;11/05/2026;14.802,56
2026;1;Receitas Correntes;IPVA;Transferencias Uniao;21/01/2026;14.778,42
2026;10;Receitas Correntes;IPTU;Recursos Proprios;17/10/2026;15.960,42
2026;10;Receitas Correntes;FPM;Recursos Proprios;21/10/2026;10.616,82
2026;6;Receitas Correntes;ICMS;Tesouro;06/06/2026;47.054,01
2026;6;Receitas Correntes;ISS;Recursos Proprios;05/06/2026;13.136,30
2026;1;Receitas Correntes;ICMS;Transferencias Estado;18/01/2026;20.245,85
2026;2;Receitas Correntes;Taxas;Transferencias Estado;10/02/2026;11.792,26
2026;7;Receitas Correntes;ITBI;Tesouro;24/07/2026;379,51
2026;7;Receitas Correntes;IPVA;Tesouro;21/07/2026;10.396,01
2026;10;Receitas Correntes;ICMS;Transferencias Uniao;07/10/2026;7.423,50
2026;10;Receitas Correntes;Multas;Transferencias Uniao;27/10/2026;23.369,23
2026;3;Receitas Correntes;Multas;Transferencias Uniao;21/03/2026;14.001,73
2026;3;Receitas de Capital;Multas;Tesouro;23/03/2026;38.866,50
2026;2;Receitas Correntes;IPVA;Recursos Proprios;13/02/2026;27.331,35
2026;2;Receitas Correntes;FPM;Transferencias Uniao;28/02/2026;6.617,84
2026;8;Receitas Correntes;FPM;Recursos Proprios;25/08/2026;34.670,96
2026;10;Receitas Correntes;ITBI;Transferencias Uniao;14/10/2026;9.324,07
2026;5;Receitas Correntes;Multas;Transferencias Estado;07/05/2026;31.543,94
2026;11;Receitas Correntes;IPTU;Tesouro;13/11/2026;33.554,85
2026;7;Receitas Correntes;Multas;Transferencias Uniao;02/07/2026;5.744,86
2026;1;Receitas Correntes;IPVA;Tesouro;27/01/2026;21.153,16
2026;11;Receitas Correntes;FPM;Transferencias Uniao;23/11/2026;39.993,47
2026;10;Receitas Correntes;Multas;Transferencias Estado;23/10/2026;18.105,37
2026;4;Receitas Correntes;Multas;Transferencias Uniao;03/04/2026;44.272,08
2026;2;Receitas Correntes;ICMS;Transferencias Estado;13/02/2026;22.856,72
2026;11;Receitas Correntes;Taxas;Tesouro;13/11/2026;23.842,10
2026;6;Receitas Correntes;Alugueis;Recursos Proprios;01/06/2026;45.477,01
2026;10;Receitas Correntes;ITBI;Tesouro;08/10/2026;10.984,05
2026;3;Receitas Correntes;IPVA;Tesouro;06/03/2026;15.090,55
2026;8;Receitas Correntes;ICMS;Transferencias Uniao;05/08/2026;24.535,07
2026;3;Receitas Correntes;ITBI;Tesouro;01/03/2026;42.990,20
2026;9;Receitas Correntes;ICMS;Transferencias Estado;20/09/2026;21.705,70
2026;7;Receitas Correntes;Alugueis;Transferencias Uniao;24/07/2026;19.337,50
2026;7;Receitas Correntes;FPM;Recursos Proprios;04/07/2026;13.839,05
2026;7;Receitas de Capital;ISS;Transferencias Uniao;11/07/2026;24.822,75
2026;3;Receitas Correntes;ICMS;Tesouro;26/03/2026;24.997,56
2026;4;Receitas Correntes;Multas;Transferencias Estado;28/04/2026;17.632,68
2026;5;Receitas Correntes;IPTU;Transferencias Uniao;17/05/2026;17.886,47
2026;12;Receitas Correntes;IPTU;Transferencias Estado;11/12/2026;14.677,80
2026;4;Receitas Correntes;Multas;Tesouro;19/04/2026;2.792,36
2026;7;Receitas Correntes;ITBI;Recursos Proprios;13/07/2026;34.194,60
2026;9;Receitas Correntes;ICMS;Transferencias Estado;11/09/2026;11.064,88
2026;7;Receitas Correntes;ITBI;Tesouro;16/07/2026;47.096,58
2026;4;Receitas Correntes;IPVA;Tesouro;16/04/2026;31.000,43
2026;3;Receitas de Capital;ISS;Recursos Proprios;20/03/2026;41.699,88
2026;11;Receitas Correntes;IPTU;Transferencias Estado;27/11/2026;42.854,84
2026;5;Receitas de Capital;FPM;Recursos Proprios;23/05/2026;16.924,86
2026;7;Receitas Correntes;Taxas;Transferencias Uniao;28/07/2026;25.282,96
2026;6;Receitas Correntes;ICMS;Tesouro;06/06/2026;11.644,45
2026;3;Receitas Correntes;ISS;Transferencias Uniao;21/03/2026;46.541,83
2026;10;Receitas Correntes;ICMS;Transferencias Estado;21/10/2026;404,05
2026;1;Receitas de Capital;Alugueis;Recursos Proprios;10/01/2026;35.079,40
2026;6;Receitas Correntes;ICMS;Recursos Proprios;02/06/2026;42.667,69
2026;8;Receitas Correntes;Multas;Tesouro;22/08/2026;4.469,30
2026;2;Receitas Correntes;Taxas;Transferencias Uniao;03/02/2026;35.015,45
2026;8;Receitas Correntes;Taxas;Tesouro;15/08/2026;17.633,24
2026;4;Receitas Correntes;IPVA;Transferencias Uniao;22/04/2026;5.491,12
2026;9;Receitas Correntes;FPM;Recursos Proprios;28/09/2026;17.710,01
2026;9;Receitas de Capital;ISS;Tesouro;13/09/2026;4.583,45
2026;10;Receitas Correntes;IPTU;Transferencias Uniao;13/10/2026;13.403,76
2026;7;Receitas de Capital;IPVA;Transferencias Estado;01/07/2026;8.131,41
2026;2;Receitas Correntes;IPVA;Transferencias Uniao;16/02/2026;34.497,09
2026;6;Receitas Correntes;Multas;Transferencias Uniao;20/06/2026;31.166,31
2026;9;Receitas Correntes;IPVA;Transferencias Estado;17/09/2026;13.237,35
2026;2;Receitas de Capital;Taxas;Transferencias Estado;21/02/2026;26.380,38
2026;1;Receitas Correntes;IPTU;Tesouro;15/01/2026;21.540,06
2026;12;Receitas Correntes;IPTU;Recursos Proprios;01/12/2026;44.598,50
2026;9;Receitas Correntes;Multas;Transferencias Uniao;12/09/2026;783,31
2026;8;Receitas de Capital;ITBI;Tesouro;17/08/2026;41.479,37
2026;2;Receitas Correntes;FPM;Transferencias Uniao;09/02/2026;39.113,44
2026;7;Receitas Correntes;ISS;Transferencias Estado;22/07/2026;33.668,26
2026;2;Receitas Correntes;FPM;Transferencias Uniao;26/02/2026;8.286,20
2026;2;Receitas de Capital;ISS;Transferencias Estado;23/02/2026;10.085,12
2026;12;Receitas Correntes;FPM;Tesouro;03/12/2026;8.966,62
2026;5;Receitas Correntes;ICMS;Transferencias Uniao;01/05/2026;6.633,05
2026;7;Receitas Correntes;Taxas;Transferencias Uniao;07/07/2026;24.079,77
2026;1;Receitas Correntes;Taxas;Tesouro;14/01/2026;11.387,52
2026;2;Receitas Correntes;FPM;Recursos Proprios;04/02/2026;41.357,72
2026;4;Receitas Correntes;ICMS;Tesouro;13/04/2026;12.583,09
2026;5;Receitas Correntes;ITBI;Recursos Proprios;11/05/2026;7.813,54
2026;12;Receitas Correntes;ICMS;Recursos Proprios;25/12/2026;22.593,73
2026;4;Receitas Correntes;Multas;Transferencias Estado;25/04/2026;9.542,37
2026;6;Receitas Correntes;IPTU;Transferencias Uniao;23/06/2026;33.643,93
2026;6;Receitas de Capital;ISS;Recursos Proprios;02/06/2026;28.271,81
2026;12;Receitas de Capital;Alugueis;Transferencias Uniao;14/12/2026;16.973,43
2026;8;Receitas Correntes;ISS;Transferencias Estado;22/08/2026;45.049,72
2026;2;Receitas Correntes;Multas;Recursos Proprios;13/02/2026;11.376,56
2026;11;Receitas Correntes;Multas;Transferencias Estado;01/11/2026;13.054,25
2026;12;Receitas Correntes;Alugueis;Recursos Proprios;24/12/2026;25.106,29
2026;6;Receitas de Capital;Alugueis;Tesouro;16/06/2026;14.005,21
2026;2;Receitas Correntes;IPVA;Tesouro;23/02/2026;46.940,91
2026;12;Receitas Correntes;Taxas;Tesouro;14/12/2026;7.907,53
2026;1;Receitas Correntes;ISS;Transferencias Uniao;01/01/2026;9.349,58
2026;12;Receitas Correntes;IPVA;Transferencias Estado;11/12/2026;48.910,19
2026;1;Receitas Correntes;IPTU;Tesouro;04/01/2026;28.364,78
2026;3;Receitas Correntes;IPTU;Transferencias Uniao;18/03/2026;45.865,33
2026;6;Receitas Correntes;IPTU;Transferencias Uniao;24/06/2026;28.913,26
2026;12;Receitas Correntes;Alugueis;Transferencias Estado;12/12/2026;30.452,33
2026;1;Receitas Correntes;Alugueis;Transferencias Estado;05/01/2026;15.374,41
2026;9;Receitas Correntes;FPM;Transferencias Estado;14/09/2026;8.379,44
2026;3;Receitas Correntes;ISS;Transferencias Uniao;24/03/2026;11.473,15
2026;12;Receitas Correntes;ICMS;Transferencias Uniao;07/12/2026;36.495,29
2026;1;Receitas Correntes;ISS;Tesouro;09/01/2026;38.209,11
2026;5;Receitas Correntes;ISS;Recursos Proprios;18/05/2026;2.883,25
2026;5;Receitas Correntes;ISS;Tesouro;20/05/2026;3.672,59
2026;5;Receitas Correntes;FPM;Transferencias Uniao;12/05/2026;24.246,63
2026;6;Receitas Correntes;ICMS;Transferencias Estado;24/06/2026;7.703,78
2026;5;Receitas Correntes;IPVA;Tesouro;14/05/2026;15.507,62
2026;7;Receitas Correntes;Alugueis;Transferencias Uniao;17/07/2026;30.451,14
2026;2;Receitas Correntes;IPVA;Transferencias Estado;06/02/2026;19.458,45
2026;2;Receitas Correntes;Taxas;Transferencias Estado;23/02/2026;18.563,45
2026;5;Receitas Correntes;Alugueis;Transferencias Estado;28/05/2026;24.215,30
2026;4;Receitas Correntes;Multas;Transferencias Uniao;28/04/2026;6.407,66
2026;1;Receitas Correntes;IPTU;Recursos Proprios;19/01/2026;49.945,03
2026;9;Receitas Correntes;ICMS;Tesouro;15/09/2026;23.399,50
2026;11;Receitas Correntes;Multas;Tesouro;11/11/2026;22.318,49
2026;9;Receitas Correntes;ITBI;Transferencias Estado;22/09/2026;45.592,02
2026;7;Receitas Correntes;IPTU;Recursos Proprios;06/07/2026;39.430,11
2026;11;Receitas Correntes;ISS;Transferencias Uniao;13/11/2026;11.280,53
2026;8;Receitas Correntes;Taxas;Tesouro;06/08/2026;23.820,62
2026;5;Receitas de Capital;Alugueis;Transferencias Estado;27/05/2026;30.188,27
2026;9;Receitas Correntes;Taxas;Tesouro;02/09/2026;37.359,87
2026;7;Receitas Correntes;Multas;Tesouro;28/07/2026;20.080,08
2026;1;Receitas de Capital;FPM;Transferencias Uniao;19/01/2026;21.433,50
2026;6;Receitas Correntes;IPTU;Recursos Proprios;21/06/2026;35.671,43
2026;1;Receitas Correntes;FPM;Transferencias Estado;19/01/2026;27.170,83
2026;6;Receitas Correntes;IPTU;Tesouro;08/06/2026;5.310,64
2026;8;Receitas Correntes;Multas;Transferencias Uniao;23/08/2026;43.172,49
2026;5;Receitas Correntes;Alugueis;Recursos Proprios;20/05/2026;29.810,51
2026;9;Receitas Correntes;ICMS;Recursos Proprios;26/09/2026;47.851,81
2026;1;Receitas Correntes;ICMS;Transferencias Uniao;19/01/2026;39.595,55
2026;2;Receitas Correntes;ITBI;Transferencias Uniao;18/02/2026;23.597,87
2026;8;Receitas Correntes;IPVA;Tesouro;18/08/2026;37.295,21
2026;3;Receitas Correntes;ISS;Transferencias Uniao;15/03/2026;15.045,10
2026;1;Receitas Correntes;IPVA;Recursos Proprios;25/01/2026;3.807,60
2026;8;Receitas Correntes;ISS;Transferencias Uniao;04/08/2026;25.711,37
2026;7;Receitas Correntes;Multas;Transferencias Uniao;16/07/2026;39.002,89
2026;6;Receitas Correntes;ISS;Transferencias Uniao;18/06/2026;23.866,29
2026;12;Receitas Correntes;ICMS;Recursos Proprios;08/12/2026;35.069,24
2026;7;Receitas de Capital;ISS;Tesouro;13/07/2026;33.119,32
2026;12;Receitas Correntes;FPM;Tesouro;03/12/2026;7.549,70
2026;8;Receitas Correntes;FPM;Tesouro;10/08/2026;14.836,77
2026;2;Receitas Correntes;ICMS;Transferencias Uniao;07/02/2026;17.848,72
2026;3;Receitas Correntes;FPM;Transferencias Estado;27/03/2026;2.125,92
2026;1;Receitas Correntes;IPTU;Tesouro;22/01/2026;40.311,52
2026;8;Receitas Correntes;ITBI;Tesouro;20/08/2026;24.221,31
2026;8;Receitas Correntes;IPVA;Transferencias Uniao;16/08/2026;46.902,16
2026;8;Receitas Correntes;IPTU;Transferencias Estado;05/08/2026;26.818,30
2026;6;Receitas de Capital;ITBI;Transferencias Estado;02/06/2026;47.617,27
2026;11;Receitas Correntes;ICMS;Transferencias Estado;11/11/2026;46.574,12
2026;4;Receitas de Capital;FPM;Recursos Proprios;06/04/2026;21.495,23
2026;5;Receitas Correntes;FPM;Recursos Proprios;27/05/2026;29.345,52
2026;3;Receitas Correntes;FPM;Tesouro;05/03/2026;724,69
2026;7;Receitas Correntes;ICMS;Transferencias Uniao;17/07/2026;1.648,52
2026;9;Receitas Correntes;IPVA;Transferencias Uniao;25/09/2026;11.481,29
2026;5;Receitas Correntes;Taxas;Transferencias Estado;23/05/2026;17.539,69
2026;5;Receitas Correntes;IPTU;Tesouro;19/05/2026;8.758,56
2026;11;Receitas Correntes;ITBI;Transferencias Estado;06/11/2026;24.591,66
2026;9;Receitas Correntes;Multas;Recursos Proprios;05/09/2026;23.453,60
2026;4;Receitas Correntes;Alugueis;Transferencias Estado;19/04/2026;34.491,16
2026;3;Receitas Correntes;IPTU;Transferencias Estado;09/03/2026;6.946,25
2026;9;Receitas Correntes;IPVA;Tesouro;27/09/2026;46.332,68
2026;3;Receitas Correntes;FPM;Transferencias Uniao;24/03/2026;25.241,34
2026;3;Receitas Correntes;ITBI;Tesouro;14/03/2026;18.332,31
2026;1;Receitas Correntes;ICMS;Transferencias Uniao;07/01/2026;47.201,99
2026;10;Receitas Correntes;IPTU;Recursos Proprios;05/10/2026;45.075,50
2026;7;Receitas Correntes;ICMS;Transferencias Uniao;04/07/2026;11.700,33
2026;9;Receitas Correntes;ICMS;Transferencias Uniao;03/09/2026;32.504,67
2026;3;Receitas Correntes;ITBI;Transferencias Uniao;04/03/2026;45.979,39
2026;11;Receitas Correntes;Taxas;Transferencias Uniao;27/11/2026;13.870,57
2026;9;Receitas Correntes;ISS;Transferencias Uniao;24/09/2026;38.030,47
2026;1;Receitas de Capital;ITBI;Recursos Proprios;20/01/2026;47.807,52
2026;8;Receitas Correntes;ISS;Transferencias Uniao;04/08/2026;11.758,24
2026;6;Receitas Correntes;ITBI;Transferencias Uniao;03/06/2026;40.960,21
2026;5;Receitas Correntes;ISS;Transferencias Uniao;14/05/2026;15.799,42
2026;4;Receitas Correntes;Alugueis;Tesouro;27/04/2026;12.295,36
2026;9;Receitas de Capital;Taxas;Transferencias Estado;06/09/2026;1.861,07
2026;2;Receitas Correntes;Alugueis;Transferencias Estado;25/02/2026;25.340,45
2026;9;Receitas Correntes;Taxas;Tesouro;20/09/2026;20.817,11
2026;11;Receitas Correntes;ISS;Tesouro;17/11/2026;25.598,98
2026;5;Receitas de Capital;ICMS;Tesouro;01/05/2026;17.179,61
2026;7;Receitas de Capital;IPTU;Transferencias Uniao;19/07/2026;17.093,16
2026;8;Receitas Correntes;IPVA;Recursos Proprios;24/08/2026;19.913,85
2026;4;Receitas Correntes;IPTU;Tesouro;03/04/2026;14.459,42
2026;8;Receitas Correntes;IPTU;Transferencias Uniao;17/08/2026;9.161,71
2026;11;Receitas Correntes;IPVA;Transferencias Uniao;19/11/2026;4.367,47
2026;3;Receitas Correntes;IPTU;Transferencias Estado;15/03/2026;38.691,69
2026;2;Receitas Correntes;ICMS;Tesouro;24/02/2026;4.365,82
2026;1;Receitas Correntes;ITBI;Tesouro;16/01/2026;41.809,17
2026;7;Receitas Correntes;FPM;Recursos Proprios;20/07/2026;34.708,68
2026;10;Receitas Correntes;Taxas;Transferencias Uniao;09/10/2026;15.620,75
2026;10;Receitas Correntes;Alugueis;Recursos Proprios;16/10/2026;29.675,51
2026;7;Receitas Correntes;ITBI;Transferencias Estado;02/07/2026;20.829,39
2026;6;Receitas Correntes;Taxas;Tesouro;01/06/2026;9.353,91
2026;12;Receitas de Capital;FPM;Tesouro;06/12/2026;19.095,83
2026;11;Receitas Correntes;IPTU;Transferencias Estado;10/11/2026;21.860,91
2026;3;Receitas Correntes;ITBI;Recursos Proprios;10/03/2026;27.385,14
2026;10;Receitas Correntes;ISS;Tesouro;01/10/2026;8.934,65
2026;5;Receitas Correntes;IPVA;Recursos Proprios;05/05/2026;20.364,90
2026;11;Receitas Correntes;Taxas;Recursos Proprios;21/11/2026;4.177,68
2026;7;Receitas Correntes;Multas;Transferencias Uniao;03/07/2026;43.427,17
2026;12;Receitas Correntes;ICMS;Tesouro;16/12/2026;46.705,92
2026;10;Receitas Correntes;ICMS;Transferencias Estado;06/10/2026;25.041,69
2026;12;Receitas Correntes;ISS;Recursos Proprios;26/12/2026;30.311,95
2026;10;Receitas Correntes;Taxas;Tesouro;23/10/2026;25.109,43
2026;6;Receitas Correntes;Alugueis;Tesouro;08/06/2026;23.580,71
2026;8;Receitas de Capital;ITBI;Transferencias Estado;24/08/2026;13.484,40
2026;8;Receitas de Capital;IPVA;Recursos Proprios;03/08/2026;18.497,59
2026;10;Receitas Correntes;Multas;Tesouro;02/10/2026;28.527,91
2026;11;Receitas Correntes;FPM;Recursos Proprios;10/11/2026;44.454,58
2026;1;Receitas Correntes;ICMS;Transferencias Uniao;05/01/2026;44.611,83
2026;10;Receitas Correntes;ITBI;Tesouro;02/10/2026;41.057,28
2026;4;Receitas Correntes;ICMS;Transferencias Uniao;28/04/2026;30.218,28
2026;6;Receitas de Capital;FPM;Transferencias Uniao;12/06/2026;31.915,92
2026;4;Receitas de Capital;ITBI;Recursos Proprios;25/04/2026;36.265,03
2026;9;Receitas Correntes;ITBI;Transferencias Estado;28/09/2026;43.159,30
2026;6;Receitas Correntes;IPVA;Transferencias Uniao;22/06/2026;34.592,64
2026;9;Receitas Correntes;ICMS;Transferencias Estado;02/09/2026;20.788,86
2026;7;Receitas Correntes;ISS;Transferencias Uniao;03/07/2026;1.873,28
2026;2;Receitas Correntes;ISS;Transferencias Uniao;11/02/2026;22.774,79
2026;11;Receitas Correntes;IPVA;Recursos Proprios;07/11/2026;26.548,40
2026;5;Receitas Correntes;FPM;Recursos Proprios;16/05/2026;13.735,54
2026;5;Receitas Correntes;Alugueis;Transferencias Uniao;09/05/2026;28.073,05
2026;11;Receitas Correntes;Alugueis;Recursos Proprios;15/11/2026;14.004,83
2026;6;Receitas Correntes;ISS;Recursos Proprios;22/06/2026;11.939,72
2026;8;Receitas Correntes;Taxas;Transferencias Estado;01/08/2026;36.010,09
2026;11;Receitas Correntes;Multas;Transferencias Estado;03/11/2026;19.101,57
2026;2;Receitas Correntes;ITBI;Transferencias Uniao;21/02/2026;47.536,92
2026;5;Receitas Correntes;ICMS;Transferencias Uniao;19/05/2026;26.875,30
2026;11;Receitas Correntes;ITBI;Transferencias Estado;12/11/2026;38.187,72
2026;6;Receitas Correntes;ITBI;Transferencias Uniao;27/06/2026;6.846,57
2026;9;Receitas Correntes;Alugueis;Transferencias Uniao;23/09/2026;46.516,73
2026;1;Receitas Correntes;Multas;Transferencias Uniao;07/01/2026;2.122,93
2026;2;Receitas Correntes;FPM;Transferencias Uniao;02/02/2026;7.327,48
2026;7;Receitas de Capital;IPVA;Tesouro;15/07/2026;47.712,28
2026;12;Receitas Correntes;IPVA;Transferencias Uniao;12/12/2026;28.907,59
2026;6;Receitas Correntes;Multas;Recursos Proprios;18/06/2026;290,63
2026;4;Receitas Correntes;ISS;Transferencias Estado;12/04/2026;9.717,66
2026;5;Receitas Correntes;IPVA;Tesouro;08/05/2026;21.031,58
2026;5;Receitas Correntes;Taxas;Tesouro;09/05/2026;48.710,86
2026;12;Receitas Correntes;ICMS;Transferencias Uniao;24/12/2026;30.847,78
2026;12;Receitas Correntes;Alugueis;Transferencias Uniao;20/12/2026;43.139,89
2026;5;Receitas de Capital;IPTU;Tesouro;02/05/2026;3.563,51
2026;11;Receitas Correntes;IPVA;Tesouro;09/11/2026;227,61
2026;11;Receitas Correntes;IPTU;Tesouro;19/11/2026;40.136,18
2026;10;Receitas de Capital;Taxas;Recursos Proprios;21/10/2026;1.877,63
2026;4;Receitas Correntes;IPVA;Transferencias Estado;10/04/2026;12.639,34
2026;4;Receitas Correntes;ITBI;Transferencias Uniao;02/04/2026;2.179,91
2026;9;Receitas Correntes;Multas;Recursos Proprios;17/09/2026;13.519,31
2026;9;Receitas Correntes;IPTU;Transferencias Estado;17/09/2026;15.099,24
2026;7;Receitas Correntes;IPVA;Transferencias Estado;10/07/2026;17.706,15
2026;11;Receitas Correntes;IPVA;Transferencias Estado;12/11/2026;24.536,75
2026;9;Receitas Correntes;IPVA;Transferencias Uniao;13/09/2026;41.442,18
2026;9;Receitas Correntes;IPTU;Recursos Proprios;03/09/2026;45.461,64
2026;1;Receitas Correntes;ISS;Transferencias Uniao;25/01/2026;27.536,13
2026;1;Receitas Correntes;IPVA;Transferencias Uniao;08/01/2026;2.055,50
2026;5;Receitas Correntes;ISS;Tesouro;06/05/2026;28.885,90
2026;2;Receitas Correntes;ISS;Transferencias Estado;18/02/2026;8.154,33
2026;4;Receitas Correntes;ITBI;Transferencias Uniao;05/04/2026;30.388,37
2026;1;Receitas Correntes;Alugueis;Recursos Proprios;04/01/2026;20.584,58
2026;4;Receitas Correntes;Alugueis;Transferencias Uniao;10/04/2026;21.733,64
2026;5;Receitas Correntes;IPTU;Transferencias Estado;28/05/2026;25.140,34
2026;2;Receitas Correntes;Multas;Tesouro;08/02/2026;27.433,84
2026;6;Receitas Correntes;ICMS;Transferencias Uniao;23/06/2026;14.824,49
2026;5;Receitas Correntes;ITBI;Tesouro;12/05/2026;43.190,05
2026;11;Receitas Correntes;ICMS;Transferencias Estado;18/11/2026;42.893,72
2026;9;Receitas Correntes;ICMS;Transferencias Uniao;21/09/2026;49.350,87
2026;5;Receitas Correntes;Taxas;Transferencias Estado;02/05/2026;31.601,10
2026;9;Receitas Correntes;FPM;Transferencias Estado;03/09/2026;44.266,28
2026;5;Receitas de Capital;IPTU;Recursos Proprios;15/05/2026;6.662,27
2026;1;Receitas Correntes;IPTU;Tesouro;04/01/2026;31.375,34
2026;3;Receitas Correntes;IPVA;Transferencias Estado;14/03/2026;44.870,65
2026;12;Receitas Correntes;Alugueis;Transferencias Estado;06/12/2026;33.617,12
2026;4;Receitas Correntes;FPM;Recursos Proprios;07/04/2026;14.465,32
2026;5;Receitas Correntes;ISS;Transferencias Estado;12/05/2026;2.506,50
2026;8;Receitas Correntes;ISS;Tesouro;26/08/2026;39.505,50
2026;3;Receitas Correntes;Multas;Transferencias Estado;19/03/2026;41.833,87
2026;12;Receitas Correntes;IPTU;Transferencias Uniao;28/12/2026;36.626,19
2026;1;Receitas Correntes;Multas;Transferencias Uniao;27/01/2026;27.614,39
2026;3;Receitas Correntes;ISS;Recursos Proprios;19/03/2026;17.923,27
2026;5;Receitas Correntes;ITBI;Transferencias Estado;26/05/2026;22.461,84
2026;1;Receitas Correntes;IPTU;Recursos Proprios;05/01/2026;44.579,37
2026;6;Receitas Correntes;IPVA;Transferencias Uniao;17/06/2026;4.192,07
2026;12;Receitas Correntes;ISS;Transferencias Estado;22/12/2026;9.287,54
2026;9;Receitas Correntes;FPM;Tesouro;23/09/2026;49.541,63
2026;11;Receitas Correntes;Alugueis;Transferencias Estado;19/11/2026;22.983,32
2026;4;Receitas de Capital;Taxas;Tesouro;06/04/2026;5.861,43
2026;7;Receitas de Capital;Multas;Transferencias Uniao;18/07/2026;5.274,95
2026;9;Receitas Correntes;IPTU;Transferencias Estado;28/09/2026;16.763,00
2026;7;Receitas Correntes;Multas;Recursos Proprios;06/07/2026;38.366,58
2026;2;Receitas Correntes;FPM;Transferencias Estado;11/02/2026;42.484,08
2026;10;Receitas Correntes;Alugueis;Transferencias Uniao;07/10/2026;36.252,68
2026;4;Receitas Correntes;IPTU;Tesouro;02/04/2026;24.023,52
2026;11;Receitas Correntes;Multas;Transferencias Uniao;23/11/2026;4.318,12
2026;9;Receitas Correntes;ITBI;Tesouro;10/09/2026;49.107,28
2026;3;Receitas Correntes;FPM;Recursos Proprios;05/03/2026;5.483,92
2026;7;Receitas Correntes;Multas;Tesouro;12/07/2026;26.898,43
2026;5;Receitas de Capital;FPM;Recursos Proprios;01/05/2026;48.034,22
2026;9;Receitas Correntes;ITBI;Transferencias Uniao;03/09/2026;5.513,25
2026;10;Receitas de Capital;ITBI;Transferencias Uniao;24/10/2026;31.282,50
2026;9;Receitas Correntes;IPVA;Transferencias Estado;23/09/2026;36.097,90
2026;11;Receitas Correntes;ISS;Recursos Proprios;17/11/2026;3.287,71
2026;11;Receitas Correntes;Taxas;Transferencias Estado;06/11/2026;23.713,27
2026;7;Receitas Correntes;IPTU;Transferencias Estado;28/07/2026;17.895,88
2026;2;Receitas Correntes;Alugueis;Recursos Proprios;13/02/2026;3.453,06
2026;5;Receitas Correntes;ICMS;Recursos Proprios;21/05/2026;41.404,23
2026;7;Receitas Correntes;IPVA;Tesouro;13/07/2026;3.861,35
2026;1;Receitas Correntes;Taxas;Transferencias Estado;15/01/2026;25.662,86
2026;8;Receitas Correntes;Taxas;Tesouro;25/08/2026;44.201,97
2026;11;Receitas Correntes;Alugueis;Transferencias Estado;22/11/2026;39.875,47
2026;12;Receitas de Capital;Multas;Transferencias Estado;28/12/2026;27.373,43
2026;8;Receitas Correntes;Alugueis;Transferencias Estado;01/08/2026;2.452,63
2026;12;Receitas Correntes;ICMS;Recursos Proprios;06/12/2026;3.082,23
2026;4;Receitas Correntes;Multas;Transferencias Estado;27/04/2026;41.510,03
2026;5;Receitas de Capital;Taxas;Transferencias Estado;13/05/2026;30.094,91
2026;7;Receitas Correntes;IPTU;Recursos Proprios;23/07/2026;38.968,30
2026;11;Receitas Correntes;Alugueis;Transferencias Estado;25/11/2026;48.542,00
2026;12;Receitas Correntes;IPTU;Tesouro;12/12/2026;34.519,61
2026;11;Receitas Correntes;ISS;Transferencias Uniao;20/11/2026;38.838,34
2026;7;Receitas Correntes;Multas;Tesouro;27/07/2026;37.864,07
2026;12;Receitas Correntes;ISS;Tesouro;02/12/2026;38.684,78
2026;6;Receitas Correntes;IPTU;Transferencias Estado;08/06/2026;3.914,04
2026;5;Receitas Correntes;Alugueis;Transferencias Uniao;15/05/2026;8.796,62
2026;3;Receitas Correntes;IPVA;Recursos Proprios;17/03/2026;13.053,62
2026;9;Receitas Correntes;Alugueis;Recursos Proprios;25/09/2026;36.786,88
2026;8;Receitas Correntes;Multas;Transferencias Estado;03/08/2026;47.495,14
2026;11;Receitas Correntes;FPM;Tesouro;07/11/2026;10.018,76
2026;10;Receitas Correntes;Alugueis;Tesouro;10/10/2026;19.645,63
2026;5;Receitas de Capital;ICMS;Transferencias Estado;17/05/2026;3.161,20
2026;9;Receitas Correntes;ISS;Recursos Proprios;01/09/2026;992,97
2026;11;Receitas Correntes;IPVA;Transferencias Estado;01/11/2026;32.137,60
2026;3;Receitas Correntes;Multas;Transferencias Estado;04/03/2026;18.778,15
2026;6;Receitas Correntes;FPM;Transferencias Uniao;13/06/2026;17.701,61
2026;8;Receitas Correntes;ICMS;Tesouro;21/08/2026;41.992,79
2026;10;Receitas de Capital;IPTU;Transferencias Estado;24/10/2026;32.616,04
2026;9;Receitas Correntes;ICMS;Transferencias Uniao;03/09/2026;6.529,50
2026;1;Receitas Correntes;IPVA;Transferencias Estado;16/01/2026;49.136,50
2026;7;Receitas Correntes;Alugueis;Recursos Proprios;06/07/2026;17.917,30
2026;7;Receitas Correntes;IPTU;Recursos Proprios;07/07/2026;29.784,20
2026;9;Receitas Correntes;ISS;Transferencias Estado;21/09/2026;42.151,94
2026;12;Receitas Correntes;IPTU;Transferencias Uniao;19/12/2026;39.668,13
2026;8;Receitas Correntes;IPTU;Transferencias Estado;03/08/2026;36.268,93
2026;11;Receitas Correntes;ITBI;Transferencias Estado;01/11/2026;21.379,10
2026;4;Receitas de Capital;FPM;Recursos Proprios;08/04/2026;22.136,31
2026;9;Receitas Correntes;Alugueis;Transferencias Uniao;05/09/2026;7.235,48
2026;2;Receitas Correntes;ISS;Recursos Proprios;27/02/2026;6.678,63
2026;12;Receitas Correntes;ISS;Tesouro;14/12/2026;13.653,32
2026;2;Receitas Correntes;ISS;Tesouro;01/02/2026;13.482,91
2026;3;Receitas Correntes;IPVA;Tesouro;01/03/2026;30.674,38
2026;8;Receitas Correntes;ITBI;Tesouro;07/08/2026;42.902,68
2026;5;Receitas Correntes;ITBI;Transferencias Estado;24/05/2026;17.708,53
2026;10;Receitas Correntes;IPVA;Recursos Proprios;15/10/2026;33.013,18
2026;2;Receitas Correntes;IPTU;Transferencias Uniao;28/02/2026;43.325,13
2026;4;Receitas de Capital;Taxas;Transferencias Estado;21/04/2026;36.721,81
2026;1;Receitas Correntes;Multas;Transferencias Estado;28/01/2026;30.332,03
2026;9;Receitas Correntes;Alugueis;Tesouro;20/09/2026;46.217,56
2026;7;Receitas Correntes;ISS;Tesouro;02/07/2026;30.503,41
2026;4;Receitas Correntes;IPTU;Tesouro;08/04/2026;7.384,28
2026;9;Receitas Correntes;ICMS;Transferencias Estado;13/09/2026;39.142,21
2026;10;Receitas Correntes;IPTU;Transferencias Estado;20/10/2026;13.121,55
2026;10;Receitas Correntes;ISS;Tesouro;04/10/2026;23.723,01
2026;2;Receitas Correntes;ITBI;Transferencias Estado;03/02/2026;16.191,87
2026;12;Receitas Correntes;IPTU;Tesouro;08/12/2026;47.877,00
2026;3;Receitas Correntes;Multas;Transferencias Estado;21/03/2026;43.555,60
2026;9;Receitas Correntes;Alugueis;Transferencias Estado;23/09/2026;11.605,05
2026;11;Receitas Correntes;Alugueis;Transferencias Uniao;14/11/2026;25.500,57
2026;3;Receitas Correntes;Multas;Transferencias Uniao;07/03/2026;26.416,04
2026;5;Receitas Correntes;ICMS;Recursos Proprios;22/05/2026;10.844,63
2026;3;Receitas Correntes;FPM;Tesouro;16/03/2026;1.334,59
2026;9;Receitas Correntes;ITBI;Transferencias Uniao;05/09/2026;28.681,27
2026;3;Receitas Correntes;Alugueis;Tesouro;23/03/2026;13.838,60
2026;1;Receitas Correntes;ICMS;Transferencias Estado;07/01/2026;30.403,86
2026;1;Receitas Correntes;ICMS;Transferencias Estado;14/01/2026;9.930,04
2026;6;Receitas Correntes;ISS;Tesouro;21/06/2026;6.119,50
2026;9;Receitas Correntes;IPTU;Recursos Proprios;06/09/2026;11.008,72
2026;8;Receitas Correntes;ISS;Tesouro;11/08/2026;46.548,33
2026;6;Receitas de Capital;ISS;Recursos Proprios;04/06/2026;41.939,56
2026;1;Receitas Correntes;FPM;Recursos Proprios;20/01/2026;3.431,81
2026;8;Receitas Correntes;IPVA;Recursos Proprios;13/08/2026;14.989,22
2026;7;Receitas Correntes;Multas;Tesouro;09/07/2026;29.509,35
2026;9;Receitas Correntes;FPM;Tesouro;15/09/2026;26.422,08
2026;7;Receitas Correntes;Taxas;Transferencias Uniao;20/07/2026;28.947,05
2026;4;Receitas Correntes;FPM;Transferencias Estado;28/04/2026;41.048,60
2026;9;Receitas Correntes;FPM;Tesouro;15/09/2026;13.944,49
2026;6;Receitas Correntes;Multas;Transferencias Uniao;06/06/2026;2.871,23
2026;7;Receitas Correntes;ISS;Transferencias Uniao;08/07/2026;31.658,36
2026;8;Receitas Correntes;FPM;Recursos Proprios;09/08/2026;44.058,99
2026;7;Receitas Correntes;ISS;Transferencias Uniao;06/07/2026;14.518,33
2026;6;Receitas Correntes;ITBI;Recursos Proprios;04/06/2026;42.867,96
2026;8;Receitas Correntes;IPVA;Transferencias Uniao;27/08/2026;855,09
2026;12;Receitas Correntes;IPVA;Tesouro;22/12/2026;17.193,70
2026;2;Receitas Correntes;Alugueis;Transferencias Estado;11/02/2026;6.213,57
2026;7;Receitas Correntes;ISS;Tesouro;06/07/2026;19.954,58
2026;1;Receitas Correntes;ITBI;Transferencias Uniao;02/01/2026;11.996,67
2026;10;Receitas Correntes;FPM;Transferencias Uniao;06/10/2026;5.921,74
2026;2;Receitas Correntes;FPM;Recursos Proprios;23/02/2026;29.839,83
2026;4;Receitas Correntes;Taxas;Transferencias Estado;22/04/2026;21.115,27
2026;3;Receitas Correntes;ISS;Transferencias Uniao;27/03/2026;41.644,87
2026;4;Receitas Correntes;IPTU;Transferencias Uniao;17/04/2026;32.129,30
2026;8;Receitas Correntes;IPVA;Transferencias Estado;05/08/2026;7.710,76
2026;9;Receitas Correntes;ICMS;Tesouro;01/09/2026;31.686,97
2026;9;Receitas de Capital;Multas;Transferencias Uniao;06/09/2026;37.167,60
2026;8;Receitas Correntes;IPTU;Transferencias Estado;22/08/2026;45.284,84
2026;11;Receitas Correntes;ICMS;Tesouro;08/11/2026;12.868,15
2026;11;Receitas Correntes;ICMS;Tesouro;20/11/2026;18.644,36
2026;9;Receitas Correntes;IPTU;Transferencias Estado;11/09/2026;39.859,16
2026;12;Receitas Correntes;Alugueis;Transferencias Uniao;23/12/2026;33.209,14
2026;12;Receitas Correntes;Taxas;Recursos Proprios;10/12/2026;34.214,22
2026;12;Receitas Correntes;ITBI;Transferencias Estado;02/12/2026;8.565,01
2026;6;Receitas Correntes;Taxas;Transferencias Estado;05/06/2026;22.793,97
2026;7;Receitas Correntes;IPVA;Tesouro;01/07/2026;18.119,12
2026;8;Receitas Correntes;Multas;Transferencias Uniao;17/08/2026;48.570,72
2026;12;Receitas de Capital;Alugueis;Transferencias Estado;17/12/2026;6.489,36
2026;9;Receitas Correntes;Multas;Recursos Proprios;03/09/2026;287,98
2026;11;Receitas Correntes;IPVA;Transferencias Estado;14/11/2026;2.197,78
2026;10;Receitas Correntes;IPVA;Transferencias Estado;13/10/2026;25.011,13
2026;7;Receitas Correntes;Alugueis;Transferencias Estado;28/07/2026;4.708,67
2026;8;Receitas Correntes;Multas;Recursos Proprios;18/08/2026;8.065,91
2026;10;Receitas Correntes;IPVA;Transferencias Estado;22/10/2026;14.209,61
2026;11;Receitas Correntes;Alugueis;Recursos Proprios;18/11/2026;29.282,05
2026;12;Receitas Correntes;ITBI;Transferencias Estado;10/12/2026;38.187,85
2026;4;Receitas Correntes;FPM;Tesouro;07/04/2026;3.118,67
2026;1;Receitas Correntes;IPVA;Recursos Proprios;04/01/2026;4.981,66
2026;11;Receitas Correntes;FPM;Recursos Proprios;20/11/2026;14.380,08
2026;3;Receitas Correntes;Taxas;Recursos Proprios;07/03/2026;15.967,77
2026;9;Receitas Correntes;Taxas;Tesouro;28/09/2026;20.149,49
2026;1;Receitas Correntes;ITBI;Recursos Proprios;07/01/2026;30.149,97
2026;11;Receitas Correntes;ICMS;Tesouro;14/11/2026;14.856,69
2026;12;Receitas Correntes;IPVA;Recursos Proprios;26/12/2026;1.723,34
2026;4;Receitas Correntes;ITBI;Transferencias Estado;21/04/2026;12.354,27
2026;5;Receitas Correntes;ISS;Transferencias Estado;17/05/2026;49.304,72
2026;2;Receitas Correntes;ICMS;Recursos Proprios;18/02/2026;32.962,76
2026;6;Receitas de Capital;ITBI;Tesouro;11/06/2026;32.158,19
2026;4;Receitas Correntes;Alugueis;Transferencias Estado;24/04/2026;14.365,64
2026;3;Receitas Correntes;FPM;Tesouro;10/03/2026;44.076,80
2026;4;Receitas Correntes;ICMS;Transferencias Estado;26/04/2026;31.719,62
2026;10;Receitas Correntes;IPVA;Transferencias Uniao;19/10/2026;3.465,38
2026;9;Receitas Correntes;ISS;Tesouro;22/09/2026;24.874,76
2026;10;Receitas de Capital;Multas;Transferencias Estado;28/10/2026;24.486,89
2026;11;Receitas de Capital;Taxas;Transferencias Uniao;15/11/2026;1.004,78
2026;7;Receitas Correntes;FPM;Recursos Proprios;11/07/2026;615,13
2026;1;Receitas Correntes;Multas;Transferencias Estado;15/01/2026;47.533,19
2026;7;Receitas Correntes;ISS;Transferencias Uniao;23/07/2026;32.103,03
2026;11;Receitas Correntes;ITBI;Transferencias Estado;26/11/2026;42.220,98
2026;5;Receitas Correntes;IPVA;Transferencias Estado;11/05/2026;17.517,65
2026;2;Receitas Correntes;Multas;Tesouro;23/02/2026;23.344,36
2026;4;Receitas Correntes;ISS;Transferencias Uniao;07/04/2026;46.324,70
2026;11;Receitas Correntes;ISS;Recursos Proprios;04/11/2026;18.822,17
2026;10;Receitas Correntes;ITBI;Transferencias Uniao;08/10/2026;425,37
2026;1;Receitas Correntes;IPVA;Tesouro;26/01/2026;19.028,34
2026;5;Receitas Correntes;ITBI;Transferencias Estado;10/05/2026;8.124,56
2026;4;Receitas de Capital;Alugueis;Recursos Proprios;27/04/2026;35.872,45
2026;9;Receitas Correntes;Alugueis;Tesouro;08/09/2026;38.728,80
2026;10;Receitas Correntes;ITBI;Recursos Proprios;02/10/2026;2.593,32
2026;8;Receitas Correntes;ICMS;Transferencias Estado;26/08/2026;46.057,72
2026;6;Receitas Correntes;FPM;Transferencias Uniao;09/06/2026;11.861,77
2026;7;Receitas Correntes;FPM;Recursos Proprios;15/07/2026;37.662,23
2026;2;Receitas Correntes;IPVA;Transferencias Uniao;10/02/2026;23.106,95
2026;12;Receitas Correntes;ISS;Tesouro;13/12/2026;6.919,64
2026;6;Receitas Correntes;Multas;Transferencias Uniao;14/06/2026;7.037,75
2026;7;Receitas Correntes;IPVA;Transferencias Uniao;01/07/2026;36.930,34
2026;10;Receitas Correntes;FPM;Transferencias Estado;05/10/2026;14.236,94
2026;12;Receitas Correntes;IPVA;Transferencias Estado;24/12/2026;36.452,49
2026;9;Receitas Correntes;Alugueis;Recursos Proprios;19/09/2026;10.505,55
2026;7;Receitas Correntes;ITBI;Tesouro;12/07/2026;10.539,17
2026;7;Receitas Correntes;ITBI;Recursos Proprios;23/07/2026;36.624,18
2026;10;Receitas Correntes;IPTU;Recursos Proprios;16/10/2026;13.227,30
2026;6;Receitas Correntes;ITBI;Transferencias Estado;19/06/2026;44.465,80
2026;3;Receitas Correntes;Multas;Transferencias Uniao;01/03/2026;32.378,54
2026;6;Receitas Correntes;ITBI;Transferencias Estado;17/06/2026;32.710,61
2026;3;Receitas de Capital;IPVA;Transferencias Estado;17/03/2026;14.432,78
2026;10;Receitas Correntes;Taxas;Transferencias Estado;24/10/2026;16.609,38
2026;9;Receitas Correntes;ITBI;Transferencias Estado;18/09/2026;31.007,52
2026;1;Receitas Correntes;ITBI;Recursos Proprios;03/01/2026;29.324,71
2026;5;Receitas de Capital;ISS;Recursos Proprios;12/05/2026;45.886,29
2026;7;Receitas Correntes;Multas;Tesouro;10/07/2026;31.026,61
2026;7;Receitas Correntes;ISS;Tesouro;01/07/2026;49.658,75
2026;4;Receitas Correntes;Alugueis;Recursos Proprios;05/04/2026;388,65
2026;1;Receitas Correntes;IPTU;Recursos Proprios;03/01/2026;16.197,43
2026;3;Receitas Correntes;Taxas;Transferencias Uniao;16/03/2026;34.164,24
2026;11;Receitas Correntes;Multas;Recursos Proprios;08/11/2026;19.449,45
2026;11;Receitas Correntes;Multas;Tesouro;10/11/2026;23.105,65
2026;6;Receitas Correntes;IPVA;Transferencias Uniao;04/06/2026;39.474,95
2026;9;Receitas Correntes;ITBI;Transferencias Estado;22/09/2026;31.283,40
2026;9;Receitas de Capital;Alugueis;Tesouro;23/09/2026;20.810,62
2026;4;Receitas de Capital;ICMS;Tesouro;14/04/2026;38.848,47
2026;6;Receitas Correntes;IPVA;Transferencias Estado;18/06/2026;29.795,65
2026;6;Receitas Correntes;ICMS;Recursos Proprios;16/06/2026;23.640,33
2026;3;Receitas Correntes;Taxas;Transferencias Estado;18/03/2026;48.070,37
2026;6;Receitas Correntes;Alugueis;Tesouro;25/06/2026;11.747,78
2026;1;Receitas Correntes;ICMS;Tesouro;06/01/2026;16.195,66
2026;8;Receitas Correntes;IPVA;Recursos Proprios;22/08/2026;11.102,96
2026;1;Receitas Correntes;ICMS;Recursos Proprios;10/01/2026;5.732,20
2026;11;Receitas Correntes;IPVA;Transferencias Estado;14/11/2026;30.749,29
2026;6;Receitas Correntes;Multas;Transferencias Uniao;01/06/2026;43.217,18
2026;9;Receitas Correntes;ICMS;Transferencias Estado;15/09/2026;24.655,74
2026;2;Receitas Correntes;ISS;Recursos Proprios;21/02/2026;22.727,08
2026;9;Receitas Correntes;IPVA;Transferencias Uniao;20/09/2026;39.884,75
2026;8;Receitas Correntes;FPM;Transferencias Estado;16/08/2026;38.881,97
2026;1;Receitas Correntes;Taxas;Recursos Proprios;25/01/2026;49.829,17
2026;5;Receitas Correntes;Multas;Transferencias Uniao;07/05/2026;3.359,93
2026;7;Receitas Correntes;Taxas;Recursos Proprios;19/07/2026;10.077,43
2026;4;Receitas Correntes;Taxas;Transferencias Uniao;12/04/2026;20.836,23
2026;7;Receitas Correntes;ISS;Tesouro;04/07/2026;30.640,96
2026;6;Receitas Correntes;ISS;Tesouro;08/06/2026;45.633,94
2026;8;Receitas Correntes;ITBI;Recursos Proprios;10/08/2026;41.284,33
2026;2;Receitas Correntes;ISS;Transferencias Uniao;24/02/2026;35.480,67
2026;9;Receitas Correntes;Alugueis;Transferencias Estado;01/09/2026;6.035,54
2026;8;Receitas Correntes;FPM;Recursos Proprios;12/08/2026;3.883,02
2026;9;Receitas Correntes;IPTU;Transferencias Estado;27/09/2026;18.778,72
2026;5;Receitas Correntes;Taxas;Recursos Proprios;21/05/2026;29.698,37
2026;3;Receitas Correntes;IPTU;Transferencias Uniao;01/03/2026;38.109,46
2026;10;Receitas Correntes;Alugueis;Transferencias Estado;18/10/2026;32.107,28
2026;4;Receitas Correntes;IPTU;Recursos Proprios;27/04/2026;369,84
2026;6;Receitas Correntes;Alugueis;Recursos Proprios;09/06/2026;24.504,91
2026;11;Receitas Correntes;ICMS;Transferencias Uniao;15/11/2026;47.851,16
2026;11;Receitas Correntes;IPVA;Transferencias Uniao;03/11/2026;49.801,52
2026;2;Receitas Correntes;ISS;Tesouro;04/02/2026;29.697,45
2026;2;Receitas Correntes;Alugueis;Tesouro;24/02/2026;20.080,73
